category_id;category_name;category_tagline;category_icon;product_id;product_name;product_description;product_icon;variant_id;variant_name;price
stampa;Stampe foto;I ricordi che si tengono in mano;photo_library_outlined;stampa_classica;Stampa classica;Stampe fotografiche professionali su carta lucida o satinata. Formati 9x13/10x15/13x18/15x20 cm. PIÙ stampi MENO paghi: scegli la fascia quantità (1-29, 30-49, 50-149, 150-299, 300-479, 480-599, 600+) per il prezzo migliore. Costo gestione file: € 1,00 per ordine.;photo_outlined;9x13_1_29;9x13 cm (1-29 pz);0,45
stampa;Stampe foto;I ricordi che si tengono in mano;photo_library_outlined;stampa_classica;Stampa classica;Stampe fotografiche professionali su carta lucida o satinata. Formati 9x13/10x15/13x18/15x20 cm. PIÙ stampi MENO paghi: scegli la fascia quantità (1-29, 30-49, 50-149, 150-299, 300-479, 480-599, 600+) per il prezzo migliore. Costo gestione file: € 1,00 per ordine.;photo_outlined;9x13_30_49;9x13 cm (30-49 pz);0,23
stampa;Stampe foto;I ricordi che si tengono in mano;photo_library_outlined;stampa_classica;Stampa classica;Stampe fotografiche professionali su carta lucida o satinata. Formati 9x13/10x15/13x18/15x20 cm. PIÙ stampi MENO paghi: scegli la fascia quantità (1-29, 30-49, 50-149, 150-299, 300-479, 480-599, 600+) per il prezzo migliore. Costo gestione file: € 1,00 per ordine.;photo_outlined;9x13_50_149;9x13 cm (50-149 pz);0,20
stampa;Stampe foto;I ricordi che si tengono in mano;photo_library_outlined;stampa_classica;Stampa classica;Stampe fotografiche professionali su carta lucida o satinata. Formati 9x13/10x15/13x18/15x20 cm. PIÙ stampi MENO paghi: scegli la fascia quantità (1-29, 30-49, 50-149, 150-299, 300-479, 480-599, 600+) per il prezzo migliore. Costo gestione file: € 1,00 per ordine.;photo_outlined;9x13_150_299;9x13 cm (150-299 pz);0,18
stampa;Stampe foto;I ricordi che si tengono in mano;photo_library_outlined;stampa_classica;Stampa classica;Stampe fotografiche professionali su carta lucida o satinata. Formati 9x13/10x15/13x18/15x20 cm. PIÙ stampi MENO paghi: scegli la fascia quantità (1-29, 30-49, 50-149, 150-299, 300-479, 480-599, 600+) per il prezzo migliore. Costo gestione file: € 1,00 per ordine.;photo_outlined;9x13_300_479;9x13 cm (300-479 pz);0,14
stampa;Stampe foto;I ricordi che si tengono in mano;photo_library_outlined;stampa_classica;Stampa classica;Stampe fotografiche professionali su carta lucida o satinata. Formati 9x13/10x15/13x18/15x20 cm. PIÙ stampi MENO paghi: scegli la fascia quantità (1-29, 30-49, 50-149, 150-299, 300-479, 480-599, 600+) per il prezzo migliore. Costo gestione file: € 1,00 per ordine.;photo_outlined;9x13_480_599;9x13 cm (480-599 pz);0,12
stampa;Stampe foto;I ricordi che si tengono in mano;photo_library_outlined;stampa_classica;Stampa classica;Stampe fotografiche professionali su carta lucida o satinata. Formati 9x13/10x15/13x18/15x20 cm. PIÙ stampi MENO paghi: scegli la fascia quantità (1-29, 30-49, 50-149, 150-299, 300-479, 480-599, 600+) per il prezzo migliore. Costo gestione file: € 1,00 per ordine.;photo_outlined;9x13_600_plus;9x13 cm (600+ pz);0,10
stampa;Stampe foto;I ricordi che si tengono in mano;photo_library_outlined;stampa_classica;Stampa classica;Stampe fotografiche professionali su carta lucida o satinata. Formati 9x13/10x15/13x18/15x20 cm. PIÙ stampi MENO paghi: scegli la fascia quantità (1-29, 30-49, 50-149, 150-299, 300-479, 480-599, 600+) per il prezzo migliore. Costo gestione file: € 1,00 per ordine.;photo_outlined;10x15_1_29;10x15 cm (1-29 pz);0,45
stampa;Stampe foto;I ricordi che si tengono in mano;photo_library_outlined;stampa_classica;Stampa classica;Stampe fotografiche professionali su carta lucida o satinata. Formati 9x13/10x15/13x18/15x20 cm. PIÙ stampi MENO paghi: scegli la fascia quantità (1-29, 30-49, 50-149, 150-299, 300-479, 480-599, 600+) per il prezzo migliore. Costo gestione file: € 1,00 per ordine.;photo_outlined;10x15_30_49;10x15 cm (30-49 pz);0,26
stampa;Stampe foto;I ricordi che si tengono in mano;photo_library_outlined;stampa_classica;Stampa classica;Stampe fotografiche professionali su carta lucida o satinata. Formati 9x13/10x15/13x18/15x20 cm. PIÙ stampi MENO paghi: scegli la fascia quantità (1-29, 30-49, 50-149, 150-299, 300-479, 480-599, 600+) per il prezzo migliore. Costo gestione file: € 1,00 per ordine.;photo_outlined;10x15_50_149;10x15 cm (50-149 pz);0,22
stampa;Stampe foto;I ricordi che si tengono in mano;photo_library_outlined;stampa_classica;Stampa classica;Stampe fotografiche professionali su carta lucida o satinata. Formati 9x13/10x15/13x18/15x20 cm. PIÙ stampi MENO paghi: scegli la fascia quantità (1-29, 30-49, 50-149, 150-299, 300-479, 480-599, 600+) per il prezzo migliore. Costo gestione file: € 1,00 per ordine.;photo_outlined;10x15_150_299;10x15 cm (150-299 pz);0,20
stampa;Stampe foto;I ricordi che si tengono in mano;photo_library_outlined;stampa_classica;Stampa classica;Stampe fotografiche professionali su carta lucida o satinata. Formati 9x13/10x15/13x18/15x20 cm. PIÙ stampi MENO paghi: scegli la fascia quantità (1-29, 30-49, 50-149, 150-299, 300-479, 480-599, 600+) per il prezzo migliore. Costo gestione file: € 1,00 per ordine.;photo_outlined;10x15_300_479;10x15 cm (300-479 pz);0,16
stampa;Stampe foto;I ricordi che si tengono in mano;photo_library_outlined;stampa_classica;Stampa classica;Stampe fotografiche professionali su carta lucida o satinata. Formati 9x13/10x15/13x18/15x20 cm. PIÙ stampi MENO paghi: scegli la fascia quantità (1-29, 30-49, 50-149, 150-299, 300-479, 480-599, 600+) per il prezzo migliore. Costo gestione file: € 1,00 per ordine.;photo_outlined;10x15_480_599;10x15 cm (480-599 pz);0,14
stampa;Stampe foto;I ricordi che si tengono in mano;photo_library_outlined;stampa_classica;Stampa classica;Stampe fotografiche professionali su carta lucida o satinata. Formati 9x13/10x15/13x18/15x20 cm. PIÙ stampi MENO paghi: scegli la fascia quantità (1-29, 30-49, 50-149, 150-299, 300-479, 480-599, 600+) per il prezzo migliore. Costo gestione file: € 1,00 per ordine.;photo_outlined;10x15_600_plus;10x15 cm (600+ pz);0,12
stampa;Stampe foto;I ricordi che si tengono in mano;photo_library_outlined;stampa_classica;Stampa classica;Stampe fotografiche professionali su carta lucida o satinata. Formati 9x13/10x15/13x18/15x20 cm. PIÙ stampi MENO paghi: scegli la fascia quantità (1-29, 30-49, 50-149, 150-299, 300-479, 480-599, 600+) per il prezzo migliore. Costo gestione file: € 1,00 per ordine.;photo_outlined;13x18_1_29;13x18 cm (1-29 pz);0,52
stampa;Stampe foto;I ricordi che si tengono in mano;photo_library_outlined;stampa_classica;Stampa classica;Stampe fotografiche professionali su carta lucida o satinata. Formati 9x13/10x15/13x18/15x20 cm. PIÙ stampi MENO paghi: scegli la fascia quantità (1-29, 30-49, 50-149, 150-299, 300-479, 480-599, 600+) per il prezzo migliore. Costo gestione file: € 1,00 per ordine.;photo_outlined;13x18_30_49;13x18 cm (30-49 pz);0,32
stampa;Stampe foto;I ricordi che si tengono in mano;photo_library_outlined;stampa_classica;Stampa classica;Stampe fotografiche professionali su carta lucida o satinata. Formati 9x13/10x15/13x18/15x20 cm. PIÙ stampi MENO paghi: scegli la fascia quantità (1-29, 30-49, 50-149, 150-299, 300-479, 480-599, 600+) per il prezzo migliore. Costo gestione file: € 1,00 per ordine.;photo_outlined;13x18_50_149;13x18 cm (50-149 pz);0,25
stampa;Stampe foto;I ricordi che si tengono in mano;photo_library_outlined;stampa_classica;Stampa classica;Stampe fotografiche professionali su carta lucida o satinata. Formati 9x13/10x15/13x18/15x20 cm. PIÙ stampi MENO paghi: scegli la fascia quantità (1-29, 30-49, 50-149, 150-299, 300-479, 480-599, 600+) per il prezzo migliore. Costo gestione file: € 1,00 per ordine.;photo_outlined;13x18_150_299;13x18 cm (150-299 pz);0,22
stampa;Stampe foto;I ricordi che si tengono in mano;photo_library_outlined;stampa_classica;Stampa classica;Stampe fotografiche professionali su carta lucida o satinata. Formati 9x13/10x15/13x18/15x20 cm. PIÙ stampi MENO paghi: scegli la fascia quantità (1-29, 30-49, 50-149, 150-299, 300-479, 480-599, 600+) per il prezzo migliore. Costo gestione file: € 1,00 per ordine.;photo_outlined;13x18_300_479;13x18 cm (300-479 pz);0,18
stampa;Stampe foto;I ricordi che si tengono in mano;photo_library_outlined;stampa_classica;Stampa classica;Stampe fotografiche professionali su carta lucida o satinata. Formati 9x13/10x15/13x18/15x20 cm. PIÙ stampi MENO paghi: scegli la fascia quantità (1-29, 30-49, 50-149, 150-299, 300-479, 480-599, 600+) per il prezzo migliore. Costo gestione file: € 1,00 per ordine.;photo_outlined;13x18_480_599;13x18 cm (480-599 pz);0,16
stampa;Stampe foto;I ricordi che si tengono in mano;photo_library_outlined;stampa_classica;Stampa classica;Stampe fotografiche professionali su carta lucida o satinata. Formati 9x13/10x15/13x18/15x20 cm. PIÙ stampi MENO paghi: scegli la fascia quantità (1-29, 30-49, 50-149, 150-299, 300-479, 480-599, 600+) per il prezzo migliore. Costo gestione file: € 1,00 per ordine.;photo_outlined;13x18_600_plus;13x18 cm (600+ pz);0,13
stampa;Stampe foto;I ricordi che si tengono in mano;photo_library_outlined;stampa_classica;Stampa classica;Stampe fotografiche professionali su carta lucida o satinata. Formati 9x13/10x15/13x18/15x20 cm. PIÙ stampi MENO paghi: scegli la fascia quantità (1-29, 30-49, 50-149, 150-299, 300-479, 480-599, 600+) per il prezzo migliore. Costo gestione file: € 1,00 per ordine.;photo_outlined;15x20_1_29;15x20 cm (1-29 pz);1,00
stampa;Stampe foto;I ricordi che si tengono in mano;photo_library_outlined;stampa_classica;Stampa classica;Stampe fotografiche professionali su carta lucida o satinata. Formati 9x13/10x15/13x18/15x20 cm. PIÙ stampi MENO paghi: scegli la fascia quantità (1-29, 30-49, 50-149, 150-299, 300-479, 480-599, 600+) per il prezzo migliore. Costo gestione file: € 1,00 per ordine.;photo_outlined;15x20_30_49;15x20 cm (30-49 pz);0,60
stampa;Stampe foto;I ricordi che si tengono in mano;photo_library_outlined;stampa_classica;Stampa classica;Stampe fotografiche professionali su carta lucida o satinata. Formati 9x13/10x15/13x18/15x20 cm. PIÙ stampi MENO paghi: scegli la fascia quantità (1-29, 30-49, 50-149, 150-299, 300-479, 480-599, 600+) per il prezzo migliore. Costo gestione file: € 1,00 per ordine.;photo_outlined;15x20_50_149;15x20 cm (50-149 pz);0,50
stampa;Stampe foto;I ricordi che si tengono in mano;photo_library_outlined;stampa_classica;Stampa classica;Stampe fotografiche professionali su carta lucida o satinata. Formati 9x13/10x15/13x18/15x20 cm. PIÙ stampi MENO paghi: scegli la fascia quantità (1-29, 30-49, 50-149, 150-299, 300-479, 480-599, 600+) per il prezzo migliore. Costo gestione file: € 1,00 per ordine.;photo_outlined;15x20_150_299;15x20 cm (150-299 pz);0,42
stampa;Stampe foto;I ricordi che si tengono in mano;photo_library_outlined;stampa_classica;Stampa classica;Stampe fotografiche professionali su carta lucida o satinata. Formati 9x13/10x15/13x18/15x20 cm. PIÙ stampi MENO paghi: scegli la fascia quantità (1-29, 30-49, 50-149, 150-299, 300-479, 480-599, 600+) per il prezzo migliore. Costo gestione file: € 1,00 per ordine.;photo_outlined;15x20_300_479;15x20 cm (300-479 pz);0,27
stampa;Stampe foto;I ricordi che si tengono in mano;photo_library_outlined;stampa_classica;Stampa classica;Stampe fotografiche professionali su carta lucida o satinata. Formati 9x13/10x15/13x18/15x20 cm. PIÙ stampi MENO paghi: scegli la fascia quantità (1-29, 30-49, 50-149, 150-299, 300-479, 480-599, 600+) per il prezzo migliore. Costo gestione file: € 1,00 per ordine.;photo_outlined;15x20_480_599;15x20 cm (480-599 pz);0,25
stampa;Stampe foto;I ricordi che si tengono in mano;photo_library_outlined;stampa_classica;Stampa classica;Stampe fotografiche professionali su carta lucida o satinata. Formati 9x13/10x15/13x18/15x20 cm. PIÙ stampi MENO paghi: scegli la fascia quantità (1-29, 30-49, 50-149, 150-299, 300-479, 480-599, 600+) per il prezzo migliore. Costo gestione file: € 1,00 per ordine.;photo_outlined;15x20_600_plus;15x20 cm (600+ pz);0,21
stampa;Stampe foto;I ricordi che si tengono in mano;photo_library_outlined;stampa_media;Stampa formato medio;Stampe formato medio (20x25, 20x30, 24x30, 30x40, 30x45 cm) su carta fotografica premium. Sconto a fasce quantità (1-5, 6-10, 11-20, 21-49, 50+). Ideali per cornici, gallerie domestiche, regali. Costo gestione file: € 1,00.;photo_outlined;20x25_1_5;20x25 cm (1-5 pz);1,90
stampa;Stampe foto;I ricordi che si tengono in mano;photo_library_outlined;stampa_media;Stampa formato medio;Stampe formato medio (20x25, 20x30, 24x30, 30x40, 30x45 cm) su carta fotografica premium. Sconto a fasce quantità (1-5, 6-10, 11-20, 21-49, 50+). Ideali per cornici, gallerie domestiche, regali. Costo gestione file: € 1,00.;photo_outlined;20x25_6_10;20x25 cm (6-10 pz);1,65
stampa;Stampe foto;I ricordi che si tengono in mano;photo_library_outlined;stampa_media;Stampa formato medio;Stampe formato medio (20x25, 20x30, 24x30, 30x40, 30x45 cm) su carta fotografica premium. Sconto a fasce quantità (1-5, 6-10, 11-20, 21-49, 50+). Ideali per cornici, gallerie domestiche, regali. Costo gestione file: € 1,00.;photo_outlined;20x25_11_20;20x25 cm (11-20 pz);1,50
stampa;Stampe foto;I ricordi che si tengono in mano;photo_library_outlined;stampa_media;Stampa formato medio;Stampe formato medio (20x25, 20x30, 24x30, 30x40, 30x45 cm) su carta fotografica premium. Sconto a fasce quantità (1-5, 6-10, 11-20, 21-49, 50+). Ideali per cornici, gallerie domestiche, regali. Costo gestione file: € 1,00.;photo_outlined;20x25_21_49;20x25 cm (21-49 pz);1,30
stampa;Stampe foto;I ricordi che si tengono in mano;photo_library_outlined;stampa_media;Stampa formato medio;Stampe formato medio (20x25, 20x30, 24x30, 30x40, 30x45 cm) su carta fotografica premium. Sconto a fasce quantità (1-5, 6-10, 11-20, 21-49, 50+). Ideali per cornici, gallerie domestiche, regali. Costo gestione file: € 1,00.;photo_outlined;20x25_50_plus;20x25 cm (50+ pz);0,90
stampa;Stampe foto;I ricordi che si tengono in mano;photo_library_outlined;stampa_media;Stampa formato medio;Stampe formato medio (20x25, 20x30, 24x30, 30x40, 30x45 cm) su carta fotografica premium. Sconto a fasce quantità (1-5, 6-10, 11-20, 21-49, 50+). Ideali per cornici, gallerie domestiche, regali. Costo gestione file: € 1,00.;photo_outlined;20x30_1_5;20x30 cm (1-5 pz);2,10
stampa;Stampe foto;I ricordi che si tengono in mano;photo_library_outlined;stampa_media;Stampa formato medio;Stampe formato medio (20x25, 20x30, 24x30, 30x40, 30x45 cm) su carta fotografica premium. Sconto a fasce quantità (1-5, 6-10, 11-20, 21-49, 50+). Ideali per cornici, gallerie domestiche, regali. Costo gestione file: € 1,00.;photo_outlined;20x30_6_10;20x30 cm (6-10 pz);1,90
stampa;Stampe foto;I ricordi che si tengono in mano;photo_library_outlined;stampa_media;Stampa formato medio;Stampe formato medio (20x25, 20x30, 24x30, 30x40, 30x45 cm) su carta fotografica premium. Sconto a fasce quantità (1-5, 6-10, 11-20, 21-49, 50+). Ideali per cornici, gallerie domestiche, regali. Costo gestione file: € 1,00.;photo_outlined;20x30_11_20;20x30 cm (11-20 pz);1,70
stampa;Stampe foto;I ricordi che si tengono in mano;photo_library_outlined;stampa_media;Stampa formato medio;Stampe formato medio (20x25, 20x30, 24x30, 30x40, 30x45 cm) su carta fotografica premium. Sconto a fasce quantità (1-5, 6-10, 11-20, 21-49, 50+). Ideali per cornici, gallerie domestiche, regali. Costo gestione file: € 1,00.;photo_outlined;20x30_21_49;20x30 cm (21-49 pz);1,50
stampa;Stampe foto;I ricordi che si tengono in mano;photo_library_outlined;stampa_media;Stampa formato medio;Stampe formato medio (20x25, 20x30, 24x30, 30x40, 30x45 cm) su carta fotografica premium. Sconto a fasce quantità (1-5, 6-10, 11-20, 21-49, 50+). Ideali per cornici, gallerie domestiche, regali. Costo gestione file: € 1,00.;photo_outlined;20x30_50_plus;20x30 cm (50+ pz);1,00
stampa;Stampe foto;I ricordi che si tengono in mano;photo_library_outlined;stampa_media;Stampa formato medio;Stampe formato medio (20x25, 20x30, 24x30, 30x40, 30x45 cm) su carta fotografica premium. Sconto a fasce quantità (1-5, 6-10, 11-20, 21-49, 50+). Ideali per cornici, gallerie domestiche, regali. Costo gestione file: € 1,00.;photo_outlined;24x30_1_5;24x30 cm (1-5 pz);2,50
stampa;Stampe foto;I ricordi che si tengono in mano;photo_library_outlined;stampa_media;Stampa formato medio;Stampe formato medio (20x25, 20x30, 24x30, 30x40, 30x45 cm) su carta fotografica premium. Sconto a fasce quantità (1-5, 6-10, 11-20, 21-49, 50+). Ideali per cornici, gallerie domestiche, regali. Costo gestione file: € 1,00.;photo_outlined;24x30_6_10;24x30 cm (6-10 pz);2,10
stampa;Stampe foto;I ricordi che si tengono in mano;photo_library_outlined;stampa_media;Stampa formato medio;Stampe formato medio (20x25, 20x30, 24x30, 30x40, 30x45 cm) su carta fotografica premium. Sconto a fasce quantità (1-5, 6-10, 11-20, 21-49, 50+). Ideali per cornici, gallerie domestiche, regali. Costo gestione file: € 1,00.;photo_outlined;24x30_11_20;24x30 cm (11-20 pz);1,90
stampa;Stampe foto;I ricordi che si tengono in mano;photo_library_outlined;stampa_media;Stampa formato medio;Stampe formato medio (20x25, 20x30, 24x30, 30x40, 30x45 cm) su carta fotografica premium. Sconto a fasce quantità (1-5, 6-10, 11-20, 21-49, 50+). Ideali per cornici, gallerie domestiche, regali. Costo gestione file: € 1,00.;photo_outlined;24x30_21_49;24x30 cm (21-49 pz);1,60
stampa;Stampe foto;I ricordi che si tengono in mano;photo_library_outlined;stampa_media;Stampa formato medio;Stampe formato medio (20x25, 20x30, 24x30, 30x40, 30x45 cm) su carta fotografica premium. Sconto a fasce quantità (1-5, 6-10, 11-20, 21-49, 50+). Ideali per cornici, gallerie domestiche, regali. Costo gestione file: € 1,00.;photo_outlined;24x30_50_plus;24x30 cm (50+ pz);1,20
stampa;Stampe foto;I ricordi che si tengono in mano;photo_library_outlined;stampa_media;Stampa formato medio;Stampe formato medio (20x25, 20x30, 24x30, 30x40, 30x45 cm) su carta fotografica premium. Sconto a fasce quantità (1-5, 6-10, 11-20, 21-49, 50+). Ideali per cornici, gallerie domestiche, regali. Costo gestione file: € 1,00.;photo_outlined;30x40_1_5;30x40 cm (1-5 pz);4,50
stampa;Stampe foto;I ricordi che si tengono in mano;photo_library_outlined;stampa_media;Stampa formato medio;Stampe formato medio (20x25, 20x30, 24x30, 30x40, 30x45 cm) su carta fotografica premium. Sconto a fasce quantità (1-5, 6-10, 11-20, 21-49, 50+). Ideali per cornici, gallerie domestiche, regali. Costo gestione file: € 1,00.;photo_outlined;30x40_6_10;30x40 cm (6-10 pz);3,90
stampa;Stampe foto;I ricordi che si tengono in mano;photo_library_outlined;stampa_media;Stampa formato medio;Stampe formato medio (20x25, 20x30, 24x30, 30x40, 30x45 cm) su carta fotografica premium. Sconto a fasce quantità (1-5, 6-10, 11-20, 21-49, 50+). Ideali per cornici, gallerie domestiche, regali. Costo gestione file: € 1,00.;photo_outlined;30x40_11_20;30x40 cm (11-20 pz);3,50
stampa;Stampe foto;I ricordi che si tengono in mano;photo_library_outlined;stampa_media;Stampa formato medio;Stampe formato medio (20x25, 20x30, 24x30, 30x40, 30x45 cm) su carta fotografica premium. Sconto a fasce quantità (1-5, 6-10, 11-20, 21-49, 50+). Ideali per cornici, gallerie domestiche, regali. Costo gestione file: € 1,00.;photo_outlined;30x40_21_49;30x40 cm (21-49 pz);3,00
stampa;Stampe foto;I ricordi che si tengono in mano;photo_library_outlined;stampa_media;Stampa formato medio;Stampe formato medio (20x25, 20x30, 24x30, 30x40, 30x45 cm) su carta fotografica premium. Sconto a fasce quantità (1-5, 6-10, 11-20, 21-49, 50+). Ideali per cornici, gallerie domestiche, regali. Costo gestione file: € 1,00.;photo_outlined;30x40_50_plus;30x40 cm (50+ pz);2,10
stampa;Stampe foto;I ricordi che si tengono in mano;photo_library_outlined;stampa_media;Stampa formato medio;Stampe formato medio (20x25, 20x30, 24x30, 30x40, 30x45 cm) su carta fotografica premium. Sconto a fasce quantità (1-5, 6-10, 11-20, 21-49, 50+). Ideali per cornici, gallerie domestiche, regali. Costo gestione file: € 1,00.;photo_outlined;30x45_1_5;30x45 cm (1-5 pz);5,00
stampa;Stampe foto;I ricordi che si tengono in mano;photo_library_outlined;stampa_media;Stampa formato medio;Stampe formato medio (20x25, 20x30, 24x30, 30x40, 30x45 cm) su carta fotografica premium. Sconto a fasce quantità (1-5, 6-10, 11-20, 21-49, 50+). Ideali per cornici, gallerie domestiche, regali. Costo gestione file: € 1,00.;photo_outlined;30x45_6_10;30x45 cm (6-10 pz);4,30
stampa;Stampe foto;I ricordi che si tengono in mano;photo_library_outlined;stampa_media;Stampa formato medio;Stampe formato medio (20x25, 20x30, 24x30, 30x40, 30x45 cm) su carta fotografica premium. Sconto a fasce quantità (1-5, 6-10, 11-20, 21-49, 50+). Ideali per cornici, gallerie domestiche, regali. Costo gestione file: € 1,00.;photo_outlined;30x45_11_20;30x45 cm (11-20 pz);3,90
stampa;Stampe foto;I ricordi che si tengono in mano;photo_library_outlined;stampa_media;Stampa formato medio;Stampe formato medio (20x25, 20x30, 24x30, 30x40, 30x45 cm) su carta fotografica premium. Sconto a fasce quantità (1-5, 6-10, 11-20, 21-49, 50+). Ideali per cornici, gallerie domestiche, regali. Costo gestione file: € 1,00.;photo_outlined;30x45_21_49;30x45 cm (21-49 pz);3,40
stampa;Stampe foto;I ricordi che si tengono in mano;photo_library_outlined;stampa_media;Stampa formato medio;Stampe formato medio (20x25, 20x30, 24x30, 30x40, 30x45 cm) su carta fotografica premium. Sconto a fasce quantità (1-5, 6-10, 11-20, 21-49, 50+). Ideali per cornici, gallerie domestiche, regali. Costo gestione file: € 1,00.;photo_outlined;30x45_50_plus;30x45 cm (50+ pz);2,50
stampa;Stampe foto;I ricordi che si tengono in mano;photo_library_outlined;stampa_panoramica;Foto panoramica;Stampe panoramiche per foto allungate: 15x30, 30x60, 30x70, 30x80, 30x90 cm. Carta fotografica premium. Sconto progressivo per quantità. Perfette per paesaggi, foto di gruppo e panorami. Costo gestione file: € 1,00.;crop_landscape;15x30_1_5;15x30 cm (1-5 pz);2,00
stampa;Stampe foto;I ricordi che si tengono in mano;photo_library_outlined;stampa_panoramica;Foto panoramica;Stampe panoramiche per foto allungate: 15x30, 30x60, 30x70, 30x80, 30x90 cm. Carta fotografica premium. Sconto progressivo per quantità. Perfette per paesaggi, foto di gruppo e panorami. Costo gestione file: € 1,00.;crop_landscape;15x30_6_10;15x30 cm (6-10 pz);1,20
stampa;Stampe foto;I ricordi che si tengono in mano;photo_library_outlined;stampa_panoramica;Foto panoramica;Stampe panoramiche per foto allungate: 15x30, 30x60, 30x70, 30x80, 30x90 cm. Carta fotografica premium. Sconto progressivo per quantità. Perfette per paesaggi, foto di gruppo e panorami. Costo gestione file: € 1,00.;crop_landscape;15x30_11_20;15x30 cm (11-20 pz);1,00
stampa;Stampe foto;I ricordi che si tengono in mano;photo_library_outlined;stampa_panoramica;Foto panoramica;Stampe panoramiche per foto allungate: 15x30, 30x60, 30x70, 30x80, 30x90 cm. Carta fotografica premium. Sconto progressivo per quantità. Perfette per paesaggi, foto di gruppo e panorami. Costo gestione file: € 1,00.;crop_landscape;15x30_21_49;15x30 cm (21-49 pz);0,80
stampa;Stampe foto;I ricordi che si tengono in mano;photo_library_outlined;stampa_panoramica;Foto panoramica;Stampe panoramiche per foto allungate: 15x30, 30x60, 30x70, 30x80, 30x90 cm. Carta fotografica premium. Sconto progressivo per quantità. Perfette per paesaggi, foto di gruppo e panorami. Costo gestione file: € 1,00.;crop_landscape;15x30_50_plus;15x30 cm (50+ pz);0,60
stampa;Stampe foto;I ricordi che si tengono in mano;photo_library_outlined;stampa_panoramica;Foto panoramica;Stampe panoramiche per foto allungate: 15x30, 30x60, 30x70, 30x80, 30x90 cm. Carta fotografica premium. Sconto progressivo per quantità. Perfette per paesaggi, foto di gruppo e panorami. Costo gestione file: € 1,00.;crop_landscape;30x60_1_5;30x60 cm (1-5 pz);8,00
stampa;Stampe foto;I ricordi che si tengono in mano;photo_library_outlined;stampa_panoramica;Foto panoramica;Stampe panoramiche per foto allungate: 15x30, 30x60, 30x70, 30x80, 30x90 cm. Carta fotografica premium. Sconto progressivo per quantità. Perfette per paesaggi, foto di gruppo e panorami. Costo gestione file: € 1,00.;crop_landscape;30x60_6_10;30x60 cm (6-10 pz);6,00
stampa;Stampe foto;I ricordi che si tengono in mano;photo_library_outlined;stampa_panoramica;Foto panoramica;Stampe panoramiche per foto allungate: 15x30, 30x60, 30x70, 30x80, 30x90 cm. Carta fotografica premium. Sconto progressivo per quantità. Perfette per paesaggi, foto di gruppo e panorami. Costo gestione file: € 1,00.;crop_landscape;30x60_11_20;30x60 cm (11-20 pz);4,80
stampa;Stampe foto;I ricordi che si tengono in mano;photo_library_outlined;stampa_panoramica;Foto panoramica;Stampe panoramiche per foto allungate: 15x30, 30x60, 30x70, 30x80, 30x90 cm. Carta fotografica premium. Sconto progressivo per quantità. Perfette per paesaggi, foto di gruppo e panorami. Costo gestione file: € 1,00.;crop_landscape;30x60_21_49;30x60 cm (21-49 pz);4,00
stampa;Stampe foto;I ricordi che si tengono in mano;photo_library_outlined;stampa_panoramica;Foto panoramica;Stampe panoramiche per foto allungate: 15x30, 30x60, 30x70, 30x80, 30x90 cm. Carta fotografica premium. Sconto progressivo per quantità. Perfette per paesaggi, foto di gruppo e panorami. Costo gestione file: € 1,00.;crop_landscape;30x60_50_plus;30x60 cm (50+ pz);3,50
stampa;Stampe foto;I ricordi che si tengono in mano;photo_library_outlined;stampa_panoramica;Foto panoramica;Stampe panoramiche per foto allungate: 15x30, 30x60, 30x70, 30x80, 30x90 cm. Carta fotografica premium. Sconto progressivo per quantità. Perfette per paesaggi, foto di gruppo e panorami. Costo gestione file: € 1,00.;crop_landscape;30x70_1_5;30x70 cm (1-5 pz);9,00
stampa;Stampe foto;I ricordi che si tengono in mano;photo_library_outlined;stampa_panoramica;Foto panoramica;Stampe panoramiche per foto allungate: 15x30, 30x60, 30x70, 30x80, 30x90 cm. Carta fotografica premium. Sconto progressivo per quantità. Perfette per paesaggi, foto di gruppo e panorami. Costo gestione file: € 1,00.;crop_landscape;30x70_6_10;30x70 cm (6-10 pz);7,00
stampa;Stampe foto;I ricordi che si tengono in mano;photo_library_outlined;stampa_panoramica;Foto panoramica;Stampe panoramiche per foto allungate: 15x30, 30x60, 30x70, 30x80, 30x90 cm. Carta fotografica premium. Sconto progressivo per quantità. Perfette per paesaggi, foto di gruppo e panorami. Costo gestione file: € 1,00.;crop_landscape;30x70_11_20;30x70 cm (11-20 pz);5,60
stampa;Stampe foto;I ricordi che si tengono in mano;photo_library_outlined;stampa_panoramica;Foto panoramica;Stampe panoramiche per foto allungate: 15x30, 30x60, 30x70, 30x80, 30x90 cm. Carta fotografica premium. Sconto progressivo per quantità. Perfette per paesaggi, foto di gruppo e panorami. Costo gestione file: € 1,00.;crop_landscape;30x70_21_49;30x70 cm (21-49 pz);5,00
stampa;Stampe foto;I ricordi che si tengono in mano;photo_library_outlined;stampa_panoramica;Foto panoramica;Stampe panoramiche per foto allungate: 15x30, 30x60, 30x70, 30x80, 30x90 cm. Carta fotografica premium. Sconto progressivo per quantità. Perfette per paesaggi, foto di gruppo e panorami. Costo gestione file: € 1,00.;crop_landscape;30x70_50_plus;30x70 cm (50+ pz);4,00
stampa;Stampe foto;I ricordi che si tengono in mano;photo_library_outlined;stampa_panoramica;Foto panoramica;Stampe panoramiche per foto allungate: 15x30, 30x60, 30x70, 30x80, 30x90 cm. Carta fotografica premium. Sconto progressivo per quantità. Perfette per paesaggi, foto di gruppo e panorami. Costo gestione file: € 1,00.;crop_landscape;30x80_1_5;30x80 cm (1-5 pz);10,00
stampa;Stampe foto;I ricordi che si tengono in mano;photo_library_outlined;stampa_panoramica;Foto panoramica;Stampe panoramiche per foto allungate: 15x30, 30x60, 30x70, 30x80, 30x90 cm. Carta fotografica premium. Sconto progressivo per quantità. Perfette per paesaggi, foto di gruppo e panorami. Costo gestione file: € 1,00.;crop_landscape;30x80_6_10;30x80 cm (6-10 pz);8,00
stampa;Stampe foto;I ricordi che si tengono in mano;photo_library_outlined;stampa_panoramica;Foto panoramica;Stampe panoramiche per foto allungate: 15x30, 30x60, 30x70, 30x80, 30x90 cm. Carta fotografica premium. Sconto progressivo per quantità. Perfette per paesaggi, foto di gruppo e panorami. Costo gestione file: € 1,00.;crop_landscape;30x80_11_20;30x80 cm (11-20 pz);6,40
stampa;Stampe foto;I ricordi che si tengono in mano;photo_library_outlined;stampa_panoramica;Foto panoramica;Stampe panoramiche per foto allungate: 15x30, 30x60, 30x70, 30x80, 30x90 cm. Carta fotografica premium. Sconto progressivo per quantità. Perfette per paesaggi, foto di gruppo e panorami. Costo gestione file: € 1,00.;crop_landscape;30x80_21_49;30x80 cm (21-49 pz);5,70
stampa;Stampe foto;I ricordi che si tengono in mano;photo_library_outlined;stampa_panoramica;Foto panoramica;Stampe panoramiche per foto allungate: 15x30, 30x60, 30x70, 30x80, 30x90 cm. Carta fotografica premium. Sconto progressivo per quantità. Perfette per paesaggi, foto di gruppo e panorami. Costo gestione file: € 1,00.;crop_landscape;30x80_50_plus;30x80 cm (50+ pz);5,00
stampa;Stampe foto;I ricordi che si tengono in mano;photo_library_outlined;stampa_panoramica;Foto panoramica;Stampe panoramiche per foto allungate: 15x30, 30x60, 30x70, 30x80, 30x90 cm. Carta fotografica premium. Sconto progressivo per quantità. Perfette per paesaggi, foto di gruppo e panorami. Costo gestione file: € 1,00.;crop_landscape;30x90_1_5;30x90 cm (1-5 pz);12,00
stampa;Stampe foto;I ricordi che si tengono in mano;photo_library_outlined;stampa_panoramica;Foto panoramica;Stampe panoramiche per foto allungate: 15x30, 30x60, 30x70, 30x80, 30x90 cm. Carta fotografica premium. Sconto progressivo per quantità. Perfette per paesaggi, foto di gruppo e panorami. Costo gestione file: € 1,00.;crop_landscape;30x90_6_10;30x90 cm (6-10 pz);9,00
stampa;Stampe foto;I ricordi che si tengono in mano;photo_library_outlined;stampa_panoramica;Foto panoramica;Stampe panoramiche per foto allungate: 15x30, 30x60, 30x70, 30x80, 30x90 cm. Carta fotografica premium. Sconto progressivo per quantità. Perfette per paesaggi, foto di gruppo e panorami. Costo gestione file: € 1,00.;crop_landscape;30x90_11_20;30x90 cm (11-20 pz);7,20
stampa;Stampe foto;I ricordi che si tengono in mano;photo_library_outlined;stampa_panoramica;Foto panoramica;Stampe panoramiche per foto allungate: 15x30, 30x60, 30x70, 30x80, 30x90 cm. Carta fotografica premium. Sconto progressivo per quantità. Perfette per paesaggi, foto di gruppo e panorami. Costo gestione file: € 1,00.;crop_landscape;30x90_21_49;30x90 cm (21-49 pz);6,45
stampa;Stampe foto;I ricordi che si tengono in mano;photo_library_outlined;stampa_panoramica;Foto panoramica;Stampe panoramiche per foto allungate: 15x30, 30x60, 30x70, 30x80, 30x90 cm. Carta fotografica premium. Sconto progressivo per quantità. Perfette per paesaggi, foto di gruppo e panorami. Costo gestione file: € 1,00.;crop_landscape;30x90_50_plus;30x90 cm (50+ pz);5,20
stampa;Stampe foto;I ricordi che si tengono in mano;photo_library_outlined;plotter_grande;Stampa plotter grande formato;Stampa plotter grandi formati su carta poster di qualità. Dal 35x35 al 70x100 cm e oltre (tariffa a metro quadrato per misure custom). Ideale per camerette, locali, regali d'effetto. Tempo di realizzazione 1-2 giorni lavorativi.;crop_landscape;35x35;35x35 cm;10.00
stampa;Stampe foto;I ricordi che si tengono in mano;photo_library_outlined;plotter_grande;Stampa plotter grande formato;Stampa plotter grandi formati su carta poster di qualità. Dal 35x35 al 70x100 cm e oltre (tariffa a metro quadrato per misure custom). Ideale per camerette, locali, regali d'effetto. Tempo di realizzazione 1-2 giorni lavorativi.;crop_landscape;40x40;40x40 cm;15.00
stampa;Stampe foto;I ricordi che si tengono in mano;photo_library_outlined;plotter_grande;Stampa plotter grande formato;Stampa plotter grandi formati su carta poster di qualità. Dal 35x35 al 70x100 cm e oltre (tariffa a metro quadrato per misure custom). Ideale per camerette, locali, regali d'effetto. Tempo di realizzazione 1-2 giorni lavorativi.;crop_landscape;50x70;50x70 cm;30.00
stampa;Stampe foto;I ricordi che si tengono in mano;photo_library_outlined;plotter_grande;Stampa plotter grande formato;Stampa plotter grandi formati su carta poster di qualità. Dal 35x35 al 70x100 cm e oltre (tariffa a metro quadrato per misure custom). Ideale per camerette, locali, regali d'effetto. Tempo di realizzazione 1-2 giorni lavorativi.;crop_landscape;70x100;70x100 cm;50.00
fotolibro;Fotolibri;Le tue storie in un libro su misura;menu_book_outlined;fotolibro_15x20;Fotolibro 15x20;Fotolibro stampato e rilegato. 12 pagine incluse fino a 66 foto. Pagine aggiuntive: € 0,75 ciascuna (max 40 pagine, fino a 234 foto, massimo € 40,90). Copertina rigida disponibile in: NERO, AVORIO, ROSSO, ROSA, AZZURRO, BLU.;book;base;12 pagine (max 66 foto);19.90
fotolibro;Fotolibri;Le tue storie in un libro su misura;menu_book_outlined;fotolibro_15x20;Fotolibro 15x20;Fotolibro stampato e rilegato. 12 pagine incluse fino a 66 foto. Pagine aggiuntive: € 0,75 ciascuna (max 40 pagine, fino a 234 foto, massimo € 40,90). Copertina rigida disponibile in: NERO, AVORIO, ROSSO, ROSA, AZZURRO, BLU.;book;extra;Pagina extra (+€0,75);0.75
fotolibro;Fotolibri;Le tue storie in un libro su misura;menu_book_outlined;fotolibro_20x20;Fotolibro 20x20;Fotolibro quadrato premium. 12 pagine incluse fino a 88 foto. Pagine aggiuntive: € 1,20 ciascuna (max 40 pagine, fino a 312 foto, massimo € 55,60). Copertina rigida: NERO, AVORIO, ROSSO, BLU.;auto_stories;base;12 pagine (max 88 foto);22.00
fotolibro;Fotolibri;Le tue storie in un libro su misura;menu_book_outlined;fotolibro_20x20;Fotolibro 20x20;Fotolibro quadrato premium. 12 pagine incluse fino a 88 foto. Pagine aggiuntive: € 1,20 ciascuna (max 40 pagine, fino a 312 foto, massimo € 55,60). Copertina rigida: NERO, AVORIO, ROSSO, BLU.;auto_stories;extra;Pagina extra (+€1,20);1.20
fotolibro;Fotolibri;Le tue storie in un libro su misura;menu_book_outlined;fotolibro_20x30;Fotolibro 20x30;Fotolibro rettangolare grande formato. 12 pagine incluse fino a 88 foto. Pagine aggiuntive: € 1,50 ciascuna (max 40 pagine, fino a 312 foto, massimo € 66,90). Copertina rigida: NERO, AVORIO, ROSSO, BLU. Sconto 20% per album da 200 foto.;auto_stories;base;12 pagine (max 88 foto);24.90
fotolibro;Fotolibri;Le tue storie in un libro su misura;menu_book_outlined;fotolibro_20x30;Fotolibro 20x30;Fotolibro rettangolare grande formato. 12 pagine incluse fino a 88 foto. Pagine aggiuntive: € 1,50 ciascuna (max 40 pagine, fino a 312 foto, massimo € 66,90). Copertina rigida: NERO, AVORIO, ROSSO, BLU. Sconto 20% per album da 200 foto.;auto_stories;extra;Pagina extra (+€1,50);1.50
calendario;Calendari;12 mesi con i momenti che ami;calendar_month_outlined;calendario_annuale;Calendario annuale (1 pagina);"Calendario annuale su singola pagina personalizzata con le tue foto. Disponibile in 4 versioni: Plastificato 30x40 (€ 10,00) e 20x30 (€ 6,90); Non Plastificato 30x40 (€ 7,00) e 20x30 (€ 5,00). Sconto su confezioni da 3 o 5 calendari.";event_note;30x40_plast;30x40 cm plastificato;10.00
calendario;Calendari;12 mesi con i momenti che ami;calendar_month_outlined;calendario_annuale;Calendario annuale (1 pagina);"Calendario annuale su singola pagina personalizzata con le tue foto. Disponibile in 4 versioni: Plastificato 30x40 (€ 10,00) e 20x30 (€ 6,90); Non Plastificato 30x40 (€ 7,00) e 20x30 (€ 5,00). Sconto su confezioni da 3 o 5 calendari.";event_note;30x40_nonplast;30x40 cm non plastificato;7.00
calendario;Calendari;12 mesi con i momenti che ami;calendar_month_outlined;calendario_annuale;Calendario annuale (1 pagina);"Calendario annuale su singola pagina personalizzata con le tue foto. Disponibile in 4 versioni: Plastificato 30x40 (€ 10,00) e 20x30 (€ 6,90); Non Plastificato 30x40 (€ 7,00) e 20x30 (€ 5,00). Sconto su confezioni da 3 o 5 calendari.";event_note;20x30_plast;20x30 cm plastificato;6.90
calendario;Calendari;12 mesi con i momenti che ami;calendar_month_outlined;calendario_annuale;Calendario annuale (1 pagina);"Calendario annuale su singola pagina personalizzata con le tue foto. Disponibile in 4 versioni: Plastificato 30x40 (€ 10,00) e 20x30 (€ 6,90); Non Plastificato 30x40 (€ 7,00) e 20x30 (€ 5,00). Sconto su confezioni da 3 o 5 calendari.";event_note;20x30_nonplast;20x30 cm non plastificato;5.00
calendario;Calendari;12 mesi con i momenti che ami;calendar_month_outlined;calendario_mensile;Calendario mensile (12 pagine);Calendario mensile da 12 pagine + copertina (una foto diversa per ogni mese). Formati: 30x40 (€ 34,90), 20x30 (€ 24,90), da tavolo 15x20 (€ 19,90). Sconti progressivi su 3 o 5 calendari.;calendar_view_month;30x40;30x40 cm da parete;34.90
calendario;Calendari;12 mesi con i momenti che ami;calendar_month_outlined;calendario_mensile;Calendario mensile (12 pagine);Calendario mensile da 12 pagine + copertina (una foto diversa per ogni mese). Formati: 30x40 (€ 34,90), 20x30 (€ 24,90), da tavolo 15x20 (€ 19,90). Sconti progressivi su 3 o 5 calendari.;calendar_view_month;20x30;20x30 cm da parete;24.90
calendario;Calendari;12 mesi con i momenti che ami;calendar_month_outlined;calendario_mensile;Calendario mensile (12 pagine);Calendario mensile da 12 pagine + copertina (una foto diversa per ogni mese). Formati: 30x40 (€ 34,90), 20x30 (€ 24,90), da tavolo 15x20 (€ 19,90). Sconti progressivi su 3 o 5 calendari.;calendar_view_month;15x20;15x20 cm da tavolo;19.90
calendario;Calendari;12 mesi con i momenti che ami;calendar_month_outlined;calendario_bimestrale;Calendario bimestrale (6 pagine);Calendario bimestrale da 6 pagine + copertina (una foto ogni 2 mesi). Formato 30x40 cm a € 19,00. Sconti: 3 calendari € 43,00, 5 calendari € 62,00.;event_note;30x40;30x40 cm;19.00
fotoquadro;Tele e quadri;Arredo che racconta chi sei;image_outlined;fotoquadro_canvas;Fotoquadro su tela;Stampa su tela premium quality (finitura LUCIDA o SATINATA) con telaio in legno (SOTTILE o DOPPIO). Pronto da appendere. Disponibile dal 20x20 (€ 19,90) al 100x150 (€ 208,00). Più di 20 formati a listino.;image;20x20;20x20 cm;19.90
fotoquadro;Tele e quadri;Arredo che racconta chi sei;image_outlined;fotoquadro_canvas;Fotoquadro su tela;Stampa su tela premium quality (finitura LUCIDA o SATINATA) con telaio in legno (SOTTILE o DOPPIO). Pronto da appendere. Disponibile dal 20x20 (€ 19,90) al 100x150 (€ 208,00). Più di 20 formati a listino.;image;20x30;20x30 cm;24.90
fotoquadro;Tele e quadri;Arredo che racconta chi sei;image_outlined;fotoquadro_canvas;Fotoquadro su tela;Stampa su tela premium quality (finitura LUCIDA o SATINATA) con telaio in legno (SOTTILE o DOPPIO). Pronto da appendere. Disponibile dal 20x20 (€ 19,90) al 100x150 (€ 208,00). Più di 20 formati a listino.;image;30x40;30x40 cm;49.00
fotoquadro;Tele e quadri;Arredo che racconta chi sei;image_outlined;fotoquadro_canvas;Fotoquadro su tela;Stampa su tela premium quality (finitura LUCIDA o SATINATA) con telaio in legno (SOTTILE o DOPPIO). Pronto da appendere. Disponibile dal 20x20 (€ 19,90) al 100x150 (€ 208,00). Più di 20 formati a listino.;image;40x60;40x60 cm;67.60
fotoquadro;Tele e quadri;Arredo che racconta chi sei;image_outlined;fotoquadro_canvas;Fotoquadro su tela;Stampa su tela premium quality (finitura LUCIDA o SATINATA) con telaio in legno (SOTTILE o DOPPIO). Pronto da appendere. Disponibile dal 20x20 (€ 19,90) al 100x150 (€ 208,00). Più di 20 formati a listino.;image;50x70;50x70 cm;78.00
fotoquadro;Tele e quadri;Arredo che racconta chi sei;image_outlined;fotoquadro_canvas;Fotoquadro su tela;Stampa su tela premium quality (finitura LUCIDA o SATINATA) con telaio in legno (SOTTILE o DOPPIO). Pronto da appendere. Disponibile dal 20x20 (€ 19,90) al 100x150 (€ 208,00). Più di 20 formati a listino.;image;60x80;60x80 cm;93.60
fotoquadro;Tele e quadri;Arredo che racconta chi sei;image_outlined;fotoquadro_canvas;Fotoquadro su tela;Stampa su tela premium quality (finitura LUCIDA o SATINATA) con telaio in legno (SOTTILE o DOPPIO). Pronto da appendere. Disponibile dal 20x20 (€ 19,90) al 100x150 (€ 208,00). Più di 20 formati a listino.;image;70x100;70x100 cm;109.20
fotoquadro;Tele e quadri;Arredo che racconta chi sei;image_outlined;fotoquadro_canvas;Fotoquadro su tela;Stampa su tela premium quality (finitura LUCIDA o SATINATA) con telaio in legno (SOTTILE o DOPPIO). Pronto da appendere. Disponibile dal 20x20 (€ 19,90) al 100x150 (€ 208,00). Più di 20 formati a listino.;image;80x100;80x100 cm;115.70
fotoquadro;Tele e quadri;Arredo che racconta chi sei;image_outlined;fotoquadro_canvas;Fotoquadro su tela;Stampa su tela premium quality (finitura LUCIDA o SATINATA) con telaio in legno (SOTTILE o DOPPIO). Pronto da appendere. Disponibile dal 20x20 (€ 19,90) al 100x150 (€ 208,00). Più di 20 formati a listino.;image;100x150;100x150 cm;208.00
fotoquadro;Tele e quadri;Arredo che racconta chi sei;image_outlined;plotter_tela;Stampa plotter su tela;Stampa plotter su tela rifinita ai bordi (senza telaio). Dal 20x30 al 70x100 cm. Tariffa a metro quadrato per misure speciali. Perfetto se vuoi montare la tela su un tuo supporto.;crop_landscape;20x30;20x30 cm;11.00
fotoquadro;Tele e quadri;Arredo che racconta chi sei;image_outlined;plotter_tela;Stampa plotter su tela;Stampa plotter su tela rifinita ai bordi (senza telaio). Dal 20x30 al 70x100 cm. Tariffa a metro quadrato per misure speciali. Perfetto se vuoi montare la tela su un tuo supporto.;crop_landscape;30x40;30x40 cm;22.00
fotoquadro;Tele e quadri;Arredo che racconta chi sei;image_outlined;plotter_tela;Stampa plotter su tela;Stampa plotter su tela rifinita ai bordi (senza telaio). Dal 20x30 al 70x100 cm. Tariffa a metro quadrato per misure speciali. Perfetto se vuoi montare la tela su un tuo supporto.;crop_landscape;40x60;40x60 cm;42.00
fotoquadro;Tele e quadri;Arredo che racconta chi sei;image_outlined;plotter_tela;Stampa plotter su tela;Stampa plotter su tela rifinita ai bordi (senza telaio). Dal 20x30 al 70x100 cm. Tariffa a metro quadrato per misure speciali. Perfetto se vuoi montare la tela su un tuo supporto.;crop_landscape;50x70;50x70 cm;62.00
fotoquadro;Tele e quadri;Arredo che racconta chi sei;image_outlined;plotter_tela;Stampa plotter su tela;Stampa plotter su tela rifinita ai bordi (senza telaio). Dal 20x30 al 70x100 cm. Tariffa a metro quadrato per misure speciali. Perfetto se vuoi montare la tela su un tuo supporto.;crop_landscape;70x100;70x100 cm;120.00
fotoregalo;Regali e gadget;Un pensiero unico per ogni persona;card_giftcard_outlined;magnete_grande;Magnete grande;Magnete formato 10x15 cm con la tua foto, € 9,00. Disponibile nelle forme: QUADRATO, ROTONDO, CUORE, RETTANGOLARE. Adesivo magnetico potente per frigorifero o superfici metalliche.;bookmark;singolo;Magnete 10x15;9.00
fotoregalo;Regali e gadget;Un pensiero unico per ogni persona;card_giftcard_outlined;magnete_piccolo;Magnete piccolo;Magnete formato compatto con la tua foto, € 6,00. Forme disponibili: quadrato, rotondo, cuore, rettangolare. Set perfetto da regalare.;bookmark_outline;singolo;Magnete piccolo;6.00
fotoregalo;Regali e gadget;Un pensiero unico per ogni persona;card_giftcard_outlined;tazza;Tazza personalizzata;Tazza ceramica con stampa sublimatica della tua foto. 5 modelli: Tazza classica (€ 11), Tazza interno colorato (€ 15), Tazza manico cuore (€ 15), Tazzina caffè (€ 8), Set 2 Tazzine caffè (€ 15).;coffee;standard;Tazza standard;15.00
fotoregalo;Regali e gadget;Un pensiero unico per ogni persona;card_giftcard_outlined;tazza;Tazza personalizzata;Tazza ceramica con stampa sublimatica della tua foto. 5 modelli: Tazza classica (€ 11), Tazza interno colorato (€ 15), Tazza manico cuore (€ 15), Tazzina caffè (€ 8), Set 2 Tazzine caffè (€ 15).;coffee;interno;Tazza interno colorato;15.00
fotoregalo;Regali e gadget;Un pensiero unico per ogni persona;card_giftcard_outlined;tazza;Tazza personalizzata;Tazza ceramica con stampa sublimatica della tua foto. 5 modelli: Tazza classica (€ 11), Tazza interno colorato (€ 15), Tazza manico cuore (€ 15), Tazzina caffè (€ 8), Set 2 Tazzine caffè (€ 15).;coffee;manico_cuore;Tazza manico a cuore;15.00
fotoregalo;Regali e gadget;Un pensiero unico per ogni persona;card_giftcard_outlined;tazza;Tazza personalizzata;Tazza ceramica con stampa sublimatica della tua foto. 5 modelli: Tazza classica (€ 11), Tazza interno colorato (€ 15), Tazza manico cuore (€ 15), Tazzina caffè (€ 8), Set 2 Tazzine caffè (€ 15).;coffee;tazzina;Tazzina caffè singola;8.00
fotoregalo;Regali e gadget;Un pensiero unico per ogni persona;card_giftcard_outlined;tazza;Tazza personalizzata;Tazza ceramica con stampa sublimatica della tua foto. 5 modelli: Tazza classica (€ 11), Tazza interno colorato (€ 15), Tazza manico cuore (€ 15), Tazzina caffè (€ 8), Set 2 Tazzine caffè (€ 15).;coffee;tazzine_2;Due tazzine caffè;15.00
fotoregalo;Regali e gadget;Un pensiero unico per ogni persona;card_giftcard_outlined;tshirt;T-shirt personalizzata;T-shirt 100% cotone con stampa fotografica ad alta definizione. SOLO FRONTE: € 12,00. FRONTE/RETRO: € 18,00. Varie taglie disponibili.;checkroom;fronte;Stampa solo fronte;12.00
fotoregalo;Regali e gadget;Un pensiero unico per ogni persona;card_giftcard_outlined;tshirt;T-shirt personalizzata;T-shirt 100% cotone con stampa fotografica ad alta definizione. SOLO FRONTE: € 12,00. FRONTE/RETRO: € 18,00. Varie taglie disponibili.;checkroom;fronte_retro;Stampa fronte e retro;18.00
fotoregalo;Regali e gadget;Un pensiero unico per ogni persona;card_giftcard_outlined;tshirt_tua;Stampa su tua T-shirt;Porti tu la t-shirt, noi stampiamo la tua foto sopra. SOLO FRONTE: € 7,00. FRONTE/RETRO: € 13,00. Tessuto consigliato: cotone o poliestere.;checkroom;fronte;Stampa solo fronte;7.00
fotoregalo;Regali e gadget;Un pensiero unico per ogni persona;card_giftcard_outlined;tshirt_tua;Stampa su tua T-shirt;Porti tu la t-shirt, noi stampiamo la tua foto sopra. SOLO FRONTE: € 7,00. FRONTE/RETRO: € 13,00. Tessuto consigliato: cotone o poliestere.;checkroom;fronte_retro;Stampa fronte e retro;13.00
fotoregalo;Regali e gadget;Un pensiero unico per ogni persona;card_giftcard_outlined;cuscino;Cuscino personalizzato;Cuscino personalizzato con foto stampata su tessuto morbido. 3 modelli: Quadrato semplice (max 4 foto/lato, € 18), Design (più di 4 foto/lato decorato, € 19,90), Cuore (€ 19,90).;weekend_outlined;quadrato;Cuscino quadrato (max 4 foto/lato);18.00
fotoregalo;Regali e gadget;Un pensiero unico per ogni persona;card_giftcard_outlined;cuscino;Cuscino personalizzato;Cuscino personalizzato con foto stampata su tessuto morbido. 3 modelli: Quadrato semplice (max 4 foto/lato, € 18), Design (più di 4 foto/lato decorato, € 19,90), Cuore (€ 19,90).;weekend_outlined;design;Cuscino Design (più 4 foto/lato);19.90
fotoregalo;Regali e gadget;Un pensiero unico per ogni persona;card_giftcard_outlined;cuscino;Cuscino personalizzato;Cuscino personalizzato con foto stampata su tessuto morbido. 3 modelli: Quadrato semplice (max 4 foto/lato, € 18), Design (più di 4 foto/lato decorato, € 19,90), Cuore (€ 19,90).;weekend_outlined;cuore;Cuscino cuore;19.90
fotoregalo;Regali e gadget;Un pensiero unico per ogni persona;card_giftcard_outlined;puzzle;Puzzle personalizzato;Puzzle personalizzato con la tua foto. 5 versioni: A4 21x29,7 (€ 15), A3 29,7x42 (€ 18), Cuore 29x35 (€ 18), Cuore piccolo (€ 15), Supporto per appoggio (€ 6).;extension;a4;A4 (21x29,7);15.00
fotoregalo;Regali e gadget;Un pensiero unico per ogni persona;card_giftcard_outlined;puzzle;Puzzle personalizzato;Puzzle personalizzato con la tua foto. 5 versioni: A4 21x29,7 (€ 15), A3 29,7x42 (€ 18), Cuore 29x35 (€ 18), Cuore piccolo (€ 15), Supporto per appoggio (€ 6).;extension;a3;A3 (29,7x42);15.00
fotoregalo;Regali e gadget;Un pensiero unico per ogni persona;card_giftcard_outlined;puzzle;Puzzle personalizzato;Puzzle personalizzato con la tua foto. 5 versioni: A4 21x29,7 (€ 15), A3 29,7x42 (€ 18), Cuore 29x35 (€ 18), Cuore piccolo (€ 15), Supporto per appoggio (€ 6).;extension;cuore;Cuore (29x35);18.00
fotoregalo;Regali e gadget;Un pensiero unico per ogni persona;card_giftcard_outlined;puzzle;Puzzle personalizzato;Puzzle personalizzato con la tua foto. 5 versioni: A4 21x29,7 (€ 15), A3 29,7x42 (€ 18), Cuore 29x35 (€ 18), Cuore piccolo (€ 15), Supporto per appoggio (€ 6).;extension;piccolo;Puzzle cuore piccolo;15.00
fotoregalo;Regali e gadget;Un pensiero unico per ogni persona;card_giftcard_outlined;puzzle;Puzzle personalizzato;Puzzle personalizzato con la tua foto. 5 versioni: A4 21x29,7 (€ 15), A3 29,7x42 (€ 18), Cuore 29x35 (€ 18), Cuore piccolo (€ 15), Supporto per appoggio (€ 6).;extension;supporto;Supporto per appoggio;5.00
fotoregalo;Regali e gadget;Un pensiero unico per ogni persona;card_giftcard_outlined;cucina;Prodotti cucina;Accessori cucina con la tua foto: Tovaglietta sughero (€ 12), Tovaglietta stoffa (€ 14), Vassoio legno (€ 58), Sottobicchieri (€ 8), Grembiule (€ 28), Presina (€ 11), Bavetta (€ 11).;restaurant;tovaglietta_sughero;Tovaglietta sughero;12.00
fotoregalo;Regali e gadget;Un pensiero unico per ogni persona;card_giftcard_outlined;cucina;Prodotti cucina;Accessori cucina con la tua foto: Tovaglietta sughero (€ 12), Tovaglietta stoffa (€ 14), Vassoio legno (€ 58), Sottobicchieri (€ 8), Grembiule (€ 28), Presina (€ 11), Bavetta (€ 11).;restaurant;tovaglietta_stoffa;Tovaglietta stoffa;18.00
fotoregalo;Regali e gadget;Un pensiero unico per ogni persona;card_giftcard_outlined;cucina;Prodotti cucina;Accessori cucina con la tua foto: Tovaglietta sughero (€ 12), Tovaglietta stoffa (€ 14), Vassoio legno (€ 58), Sottobicchieri (€ 8), Grembiule (€ 28), Presina (€ 11), Bavetta (€ 11).;restaurant;vassoio_legno;Vassoio in legno;58.00
fotoregalo;Regali e gadget;Un pensiero unico per ogni persona;card_giftcard_outlined;cucina;Prodotti cucina;Accessori cucina con la tua foto: Tovaglietta sughero (€ 12), Tovaglietta stoffa (€ 14), Vassoio legno (€ 58), Sottobicchieri (€ 8), Grembiule (€ 28), Presina (€ 11), Bavetta (€ 11).;restaurant;sottobicchieri;Sottobicchieri;8.00
fotoregalo;Regali e gadget;Un pensiero unico per ogni persona;card_giftcard_outlined;cucina;Prodotti cucina;Accessori cucina con la tua foto: Tovaglietta sughero (€ 12), Tovaglietta stoffa (€ 14), Vassoio legno (€ 58), Sottobicchieri (€ 8), Grembiule (€ 28), Presina (€ 11), Bavetta (€ 11).;restaurant;grembiule;Grembiule;18.00
fotoregalo;Regali e gadget;Un pensiero unico per ogni persona;card_giftcard_outlined;cucina;Prodotti cucina;Accessori cucina con la tua foto: Tovaglietta sughero (€ 12), Tovaglietta stoffa (€ 14), Vassoio legno (€ 58), Sottobicchieri (€ 8), Grembiule (€ 28), Presina (€ 11), Bavetta (€ 11).;restaurant;presina;Presina;11.00
fotoregalo;Regali e gadget;Un pensiero unico per ogni persona;card_giftcard_outlined;cucina;Prodotti cucina;Accessori cucina con la tua foto: Tovaglietta sughero (€ 12), Tovaglietta stoffa (€ 14), Vassoio legno (€ 58), Sottobicchieri (€ 8), Grembiule (€ 28), Presina (€ 11), Bavetta (€ 11).;restaurant;bavetta;Bavetta;11.00
fotoregalo;Regali e gadget;Un pensiero unico per ogni persona;card_giftcard_outlined;casa;Casa e ufficio;Oggetti per casa e ufficio personalizzabili: Orologio da muro (€ 42), Portapenne ceramica (€ 12), Salvadanaio (€ 15), Tappetino mouse (€ 11).;home;orologio_muro;Orologio da muro;42.00
fotoregalo;Regali e gadget;Un pensiero unico per ogni persona;card_giftcard_outlined;casa;Casa e ufficio;Oggetti per casa e ufficio personalizzabili: Orologio da muro (€ 42), Portapenne ceramica (€ 12), Salvadanaio (€ 15), Tappetino mouse (€ 11).;home;portapenne;Portapenne ceramica;12.00
fotoregalo;Regali e gadget;Un pensiero unico per ogni persona;card_giftcard_outlined;casa;Casa e ufficio;Oggetti per casa e ufficio personalizzabili: Orologio da muro (€ 42), Portapenne ceramica (€ 12), Salvadanaio (€ 15), Tappetino mouse (€ 11).;home;salvadanaio;Salvadanaio;15.00
fotoregalo;Regali e gadget;Un pensiero unico per ogni persona;card_giftcard_outlined;casa;Casa e ufficio;Oggetti per casa e ufficio personalizzabili: Orologio da muro (€ 42), Portapenne ceramica (€ 12), Salvadanaio (€ 15), Tappetino mouse (€ 11).;home;tappetino_mouse;Tappetino mouse;11.00
fotoregalo;Regali e gadget;Un pensiero unico per ogni persona;card_giftcard_outlined;tessili;Tessili casa;Plaid (€ 19,90 - 119,90), teli mare (€ 19,90 - 36), trapunte (€ 24,90 - 120), copripiumini (€ 59,90 - 118,40), federe guanciale (€ 18 cad o € 35 coppia). Vari formati dal 70x100 al 240x240.;weekend_outlined;plaid_70x100;Plaid 70x100;19.90
fotoregalo;Regali e gadget;Un pensiero unico per ogni persona;card_giftcard_outlined;tessili;Tessili casa;Plaid (€ 19,90 - 119,90), teli mare (€ 19,90 - 36), trapunte (€ 24,90 - 120), copripiumini (€ 59,90 - 118,40), federe guanciale (€ 18 cad o € 35 coppia). Vari formati dal 70x100 al 240x240.;weekend_outlined;plaid_100x150;Plaid 100x150;29.90
fotoregalo;Regali e gadget;Un pensiero unico per ogni persona;card_giftcard_outlined;tessili;Tessili casa;Plaid (€ 19,90 - 119,90), teli mare (€ 19,90 - 36), trapunte (€ 24,90 - 120), copripiumini (€ 59,90 - 118,40), federe guanciale (€ 18 cad o € 35 coppia). Vari formati dal 70x100 al 240x240.;weekend_outlined;plaid_130x180;Plaid 130x180;49.90
fotoregalo;Regali e gadget;Un pensiero unico per ogni persona;card_giftcard_outlined;tessili;Tessili casa;Plaid (€ 19,90 - 119,90), teli mare (€ 19,90 - 36), trapunte (€ 24,90 - 120), copripiumini (€ 59,90 - 118,40), federe guanciale (€ 18 cad o € 35 coppia). Vari formati dal 70x100 al 240x240.;weekend_outlined;telo_70x100;Telo mare 70x100;19.90
fotoregalo;Regali e gadget;Un pensiero unico per ogni persona;card_giftcard_outlined;tessili;Tessili casa;Plaid (€ 19,90 - 119,90), teli mare (€ 19,90 - 36), trapunte (€ 24,90 - 120), copripiumini (€ 59,90 - 118,40), federe guanciale (€ 18 cad o € 35 coppia). Vari formati dal 70x100 al 240x240.;weekend_outlined;telo_90x180;Telo mare 90x180;39.90
fotoregalo;Regali e gadget;Un pensiero unico per ogni persona;card_giftcard_outlined;tessili;Tessili casa;Plaid (€ 19,90 - 119,90), teli mare (€ 19,90 - 36), trapunte (€ 24,90 - 120), copripiumini (€ 59,90 - 118,40), federe guanciale (€ 18 cad o € 35 coppia). Vari formati dal 70x100 al 240x240.;weekend_outlined;trapunta_100x150;Trapunta 100x150;39.90
fotoregalo;Regali e gadget;Un pensiero unico per ogni persona;card_giftcard_outlined;tessili;Tessili casa;Plaid (€ 19,90 - 119,90), teli mare (€ 19,90 - 36), trapunte (€ 24,90 - 120), copripiumini (€ 59,90 - 118,40), federe guanciale (€ 18 cad o € 35 coppia). Vari formati dal 70x100 al 240x240.;weekend_outlined;trapunta_180x200;Trapunta 180x200;82.90
fotoregalo;Regali e gadget;Un pensiero unico per ogni persona;card_giftcard_outlined;tessili;Tessili casa;Plaid (€ 19,90 - 119,90), teli mare (€ 19,90 - 36), trapunte (€ 24,90 - 120), copripiumini (€ 59,90 - 118,40), federe guanciale (€ 18 cad o € 35 coppia). Vari formati dal 70x100 al 240x240.;weekend_outlined;copripiumino_100x150;Copripiumino 100x150;59.00
fotoregalo;Regali e gadget;Un pensiero unico per ogni persona;card_giftcard_outlined;tessili;Tessili casa;Plaid (€ 19,90 - 119,90), teli mare (€ 19,90 - 36), trapunte (€ 24,90 - 120), copripiumini (€ 59,90 - 118,40), federe guanciale (€ 18 cad o € 35 coppia). Vari formati dal 70x100 al 240x240.;weekend_outlined;copripiumino_240x240;Copripiumino 240x240;148.00
fotoregalo;Regali e gadget;Un pensiero unico per ogni persona;card_giftcard_outlined;tessili;Tessili casa;Plaid (€ 19,90 - 119,90), teli mare (€ 19,90 - 36), trapunte (€ 24,90 - 120), copripiumini (€ 59,90 - 118,40), federe guanciale (€ 18 cad o € 35 coppia). Vari formati dal 70x100 al 240x240.;weekend_outlined;federa;Federa guanciale;18.00
fotoregalo;Regali e gadget;Un pensiero unico per ogni persona;card_giftcard_outlined;tessili;Tessili casa;Plaid (€ 19,90 - 119,90), teli mare (€ 19,90 - 36), trapunte (€ 24,90 - 120), copripiumini (€ 59,90 - 118,40), federe guanciale (€ 18 cad o € 35 coppia). Vari formati dal 70x100 al 240x240.;weekend_outlined;coppia_federe;Coppia federe;35.00
fotoregalo;Regali e gadget;Un pensiero unico per ogni persona;card_giftcard_outlined;borse;Borse e astucci;Borse personalizzate e accessori: Borsa (€ 18), Sacca sport (€ 11), Zaino bimbo (€ 24,90), Astuccio portapastelli (€ 15).;shopping_bag_outlined;borsa;Borsa;18.00
fotoregalo;Regali e gadget;Un pensiero unico per ogni persona;card_giftcard_outlined;borse;Borse e astucci;Borse personalizzate e accessori: Borsa (€ 18), Sacca sport (€ 11), Zaino bimbo (€ 24,90), Astuccio portapastelli (€ 15).;shopping_bag_outlined;sacca_sport;Sacca sport;11.00
fotoregalo;Regali e gadget;Un pensiero unico per ogni persona;card_giftcard_outlined;borse;Borse e astucci;Borse personalizzate e accessori: Borsa (€ 18), Sacca sport (€ 11), Zaino bimbo (€ 24,90), Astuccio portapastelli (€ 15).;shopping_bag_outlined;zaino_bimbo;Zaino bimbo;24.90
fotoregalo;Regali e gadget;Un pensiero unico per ogni persona;card_giftcard_outlined;borse;Borse e astucci;Borse personalizzate e accessori: Borsa (€ 18), Sacca sport (€ 11), Zaino bimbo (€ 24,90), Astuccio portapastelli (€ 15).;shopping_bag_outlined;astuccio;Astuccio portapastelli;15.00
fotoregalo;Regali e gadget;Un pensiero unico per ogni persona;card_giftcard_outlined;pannello_muro;Pannelli da muro;Pannelli stampati pronti da appendere. Legno: 20x30 (€ 29,90), 30x40 (€ 39,90). Alluminio: dal 15x15 (€ 17,90) al Decor (€ 39,90). 7 modelli disponibili.;image;20x30_legno;20x30 legno;29.90
fotoregalo;Regali e gadget;Un pensiero unico per ogni persona;card_giftcard_outlined;pannello_muro;Pannelli da muro;Pannelli stampati pronti da appendere. Legno: 20x30 (€ 29,90), 30x40 (€ 39,90). Alluminio: dal 15x15 (€ 17,90) al Decor (€ 39,90). 7 modelli disponibili.;image;30x20_legno;30x20 legno;39.90
fotoregalo;Regali e gadget;Un pensiero unico per ogni persona;card_giftcard_outlined;pannello_muro;Pannelli da muro;Pannelli stampati pronti da appendere. Legno: 20x30 (€ 29,90), 30x40 (€ 39,90). Alluminio: dal 15x15 (€ 17,90) al Decor (€ 39,90). 7 modelli disponibili.;image;15x15_allu;15x15 alluminio;17.90
fotoregalo;Regali e gadget;Un pensiero unico per ogni persona;card_giftcard_outlined;pannello_muro;Pannelli da muro;Pannelli stampati pronti da appendere. Legno: 20x30 (€ 29,90), 30x40 (€ 39,90). Alluminio: dal 15x15 (€ 17,90) al Decor (€ 39,90). 7 modelli disponibili.;image;20x30_allu;20x30 alluminio;23.90
fotoregalo;Regali e gadget;Un pensiero unico per ogni persona;card_giftcard_outlined;pannello_muro;Pannelli da muro;Pannelli stampati pronti da appendere. Legno: 20x30 (€ 29,90), 30x40 (€ 39,90). Alluminio: dal 15x15 (€ 17,90) al Decor (€ 39,90). 7 modelli disponibili.;image;30x40_allu;30x40 alluminio;39.90
fotoregalo;Regali e gadget;Un pensiero unico per ogni persona;card_giftcard_outlined;pannello_muro;Pannelli da muro;Pannelli stampati pronti da appendere. Legno: 20x30 (€ 29,90), 30x40 (€ 39,90). Alluminio: dal 15x15 (€ 17,90) al Decor (€ 39,90). 7 modelli disponibili.;image;decor_allu;Pannello decor alluminio;39.90
fotoregalo;Regali e gadget;Un pensiero unico per ogni persona;card_giftcard_outlined;pannello_appoggio;Pannelli da appoggio;Pannelli da scrivania con base d'appoggio. Legno 20x30 (€ 34,90), Alluminio 20x25 (€ 29,90), Legno 13x18 (€ 21,90). Stabili in posizione verticale.;image_outlined;20x30_legno;20x30 legno;34.90
fotoregalo;Regali e gadget;Un pensiero unico per ogni persona;card_giftcard_outlined;pannello_appoggio;Pannelli da appoggio;Pannelli da scrivania con base d'appoggio. Legno 20x30 (€ 34,90), Alluminio 20x25 (€ 29,90), Legno 13x18 (€ 21,90). Stabili in posizione verticale.;image_outlined;20x25_legno;20x25 legno;29.90
fotoregalo;Regali e gadget;Un pensiero unico per ogni persona;card_giftcard_outlined;pannello_appoggio;Pannelli da appoggio;Pannelli da scrivania con base d'appoggio. Legno 20x30 (€ 34,90), Alluminio 20x25 (€ 29,90), Legno 13x18 (€ 21,90). Stabili in posizione verticale.;image_outlined;13x18_legno;13x18 legno;21.90
fotoregalo;Regali e gadget;Un pensiero unico per ogni persona;card_giftcard_outlined;varie;Altri prodotti;Selezione gadget personalizzabili: Portachiavi plastica fix (€ 11), Borraccia alluminio 500ml (€ 15), Borraccia acciaio 500ml (€ 25), Scatola cuore (€ 18), Cover smartphone (€ 21,50), Mini t-shirt (€ 11), Parasole (€ 18), Calza natalizia (€ 18), Decorazione alluminio (€ 11), Felpa cappuccio (€ 35,90), Ciondoli vari (€ 18).;widgets;portachiavi;Portachiavi (varie forme);15.00
fotoregalo;Regali e gadget;Un pensiero unico per ogni persona;card_giftcard_outlined;varie;Altri prodotti;Selezione gadget personalizzabili: Portachiavi plastica fix (€ 11), Borraccia alluminio 500ml (€ 15), Borraccia acciaio 500ml (€ 25), Scatola cuore (€ 18), Cover smartphone (€ 21,50), Mini t-shirt (€ 11), Parasole (€ 18), Calza natalizia (€ 18), Decorazione alluminio (€ 11), Felpa cappuccio (€ 35,90), Ciondoli vari (€ 18).;widgets;borraccia_plastica;Borraccia plastica 500ml;15.00
fotoregalo;Regali e gadget;Un pensiero unico per ogni persona;card_giftcard_outlined;varie;Altri prodotti;Selezione gadget personalizzabili: Portachiavi plastica fix (€ 11), Borraccia alluminio 500ml (€ 15), Borraccia acciaio 500ml (€ 25), Scatola cuore (€ 18), Cover smartphone (€ 21,50), Mini t-shirt (€ 11), Parasole (€ 18), Calza natalizia (€ 18), Decorazione alluminio (€ 11), Felpa cappuccio (€ 35,90), Ciondoli vari (€ 18).;widgets;borraccia_acciaio;Borraccia acciaio 500ml;25.00
fotoregalo;Regali e gadget;Un pensiero unico per ogni persona;card_giftcard_outlined;varie;Altri prodotti;Selezione gadget personalizzabili: Portachiavi plastica fix (€ 11), Borraccia alluminio 500ml (€ 15), Borraccia acciaio 500ml (€ 25), Scatola cuore (€ 18), Cover smartphone (€ 21,50), Mini t-shirt (€ 11), Parasole (€ 18), Calza natalizia (€ 18), Decorazione alluminio (€ 11), Felpa cappuccio (€ 35,90), Ciondoli vari (€ 18).;widgets;scatola_cuore;Scatola cuore;18.00
fotoregalo;Regali e gadget;Un pensiero unico per ogni persona;card_giftcard_outlined;varie;Altri prodotti;Selezione gadget personalizzabili: Portachiavi plastica fix (€ 11), Borraccia alluminio 500ml (€ 15), Borraccia acciaio 500ml (€ 25), Scatola cuore (€ 18), Cover smartphone (€ 21,50), Mini t-shirt (€ 11), Parasole (€ 18), Calza natalizia (€ 18), Decorazione alluminio (€ 11), Felpa cappuccio (€ 35,90), Ciondoli vari (€ 18).;widgets;cover_smartphone;Cover smartphone;21.50
fotoregalo;Regali e gadget;Un pensiero unico per ogni persona;card_giftcard_outlined;varie;Altri prodotti;Selezione gadget personalizzabili: Portachiavi plastica fix (€ 11), Borraccia alluminio 500ml (€ 15), Borraccia acciaio 500ml (€ 25), Scatola cuore (€ 18), Cover smartphone (€ 21,50), Mini t-shirt (€ 11), Parasole (€ 18), Calza natalizia (€ 18), Decorazione alluminio (€ 11), Felpa cappuccio (€ 35,90), Ciondoli vari (€ 18).;widgets;mini_tshirt;Mini t-shirt;11.00
fotoregalo;Regali e gadget;Un pensiero unico per ogni persona;card_giftcard_outlined;varie;Altri prodotti;Selezione gadget personalizzabili: Portachiavi plastica fix (€ 11), Borraccia alluminio 500ml (€ 15), Borraccia acciaio 500ml (€ 25), Scatola cuore (€ 18), Cover smartphone (€ 21,50), Mini t-shirt (€ 11), Parasole (€ 18), Calza natalizia (€ 18), Decorazione alluminio (€ 11), Felpa cappuccio (€ 35,90), Ciondoli vari (€ 18).;widgets;parasole;Parasole auto;15.00
fotoregalo;Regali e gadget;Un pensiero unico per ogni persona;card_giftcard_outlined;varie;Altri prodotti;Selezione gadget personalizzabili: Portachiavi plastica fix (€ 11), Borraccia alluminio 500ml (€ 15), Borraccia acciaio 500ml (€ 25), Scatola cuore (€ 18), Cover smartphone (€ 21,50), Mini t-shirt (€ 11), Parasole (€ 18), Calza natalizia (€ 18), Decorazione alluminio (€ 11), Felpa cappuccio (€ 35,90), Ciondoli vari (€ 18).;widgets;calza_natalizia;Calza natalizia;18.00
fotoregalo;Regali e gadget;Un pensiero unico per ogni persona;card_giftcard_outlined;varie;Altri prodotti;Selezione gadget personalizzabili: Portachiavi plastica fix (€ 11), Borraccia alluminio 500ml (€ 15), Borraccia acciaio 500ml (€ 25), Scatola cuore (€ 18), Cover smartphone (€ 21,50), Mini t-shirt (€ 11), Parasole (€ 18), Calza natalizia (€ 18), Decorazione alluminio (€ 11), Felpa cappuccio (€ 35,90), Ciondoli vari (€ 18).;widgets;decorazione;Decorazione alluminio;11.00
fotoregalo;Regali e gadget;Un pensiero unico per ogni persona;card_giftcard_outlined;varie;Altri prodotti;Selezione gadget personalizzabili: Portachiavi plastica fix (€ 11), Borraccia alluminio 500ml (€ 15), Borraccia acciaio 500ml (€ 25), Scatola cuore (€ 18), Cover smartphone (€ 21,50), Mini t-shirt (€ 11), Parasole (€ 18), Calza natalizia (€ 18), Decorazione alluminio (€ 11), Felpa cappuccio (€ 35,90), Ciondoli vari (€ 18).;widgets;felpa;Felpa con cappuccio;35.90
fotoregalo;Regali e gadget;Un pensiero unico per ogni persona;card_giftcard_outlined;varie;Altri prodotti;Selezione gadget personalizzabili: Portachiavi plastica fix (€ 11), Borraccia alluminio 500ml (€ 15), Borraccia acciaio 500ml (€ 25), Scatola cuore (€ 18), Cover smartphone (€ 21,50), Mini t-shirt (€ 11), Parasole (€ 18), Calza natalizia (€ 18), Decorazione alluminio (€ 11), Felpa cappuccio (€ 35,90), Ciondoli vari (€ 18).;widgets;ciondolo;Ciondolo (varie forme);15.00
fotoregalo;Regali e gadget;Un pensiero unico per ogni persona;card_giftcard_outlined;varie;Altri prodotti;Selezione gadget personalizzabili: Portachiavi plastica fix (€ 11), Borraccia alluminio 500ml (€ 15), Borraccia acciaio 500ml (€ 25), Scatola cuore (€ 18), Cover smartphone (€ 21,50), Mini t-shirt (€ 11), Parasole (€ 18), Calza natalizia (€ 18), Decorazione alluminio (€ 11), Felpa cappuccio (€ 35,90), Ciondoli vari (€ 18).;widgets;ciondolo_targhetta;Ciondolo targhetta alluminio;18.00
crystal;Crystal 3D;Cristalli con incisione laser dei tuoi ricordi;auto_awesome_outlined;crystal_parallel;Parallelepipedo;Cristallo Parallelepipedo con incisione laser 3D interna. 7 dimensioni dal 40x60x40mm (1 soggetto, € 59,99) al 150x200x100mm (8 soggetti, € 299,99). Le foto bidimensionali diventano oggetti 3D nel cristallo.;auto_awesome;40x60x40;40x60x40 mm (1 soggetto);59.99
crystal;Crystal 3D;Cristalli con incisione laser dei tuoi ricordi;auto_awesome_outlined;crystal_parallel;Parallelepipedo;Cristallo Parallelepipedo con incisione laser 3D interna. 7 dimensioni dal 40x60x40mm (1 soggetto, € 59,99) al 150x200x100mm (8 soggetti, € 299,99). Le foto bidimensionali diventano oggetti 3D nel cristallo.;auto_awesome;50x80x50;50x80x50 mm (max 2 sogg.);69.99
crystal;Crystal 3D;Cristalli con incisione laser dei tuoi ricordi;auto_awesome_outlined;crystal_parallel;Parallelepipedo;Cristallo Parallelepipedo con incisione laser 3D interna. 7 dimensioni dal 40x60x40mm (1 soggetto, € 59,99) al 150x200x100mm (8 soggetti, € 299,99). Le foto bidimensionali diventano oggetti 3D nel cristallo.;auto_awesome;60x90x60;60x90x60 mm (max 3 sogg.);99.99
crystal;Crystal 3D;Cristalli con incisione laser dei tuoi ricordi;auto_awesome_outlined;crystal_parallel;Parallelepipedo;Cristallo Parallelepipedo con incisione laser 3D interna. 7 dimensioni dal 40x60x40mm (1 soggetto, € 59,99) al 150x200x100mm (8 soggetti, € 299,99). Le foto bidimensionali diventano oggetti 3D nel cristallo.;auto_awesome;70x100x70;70x100x70 mm (max 4 sogg.);139.99
crystal;Crystal 3D;Cristalli con incisione laser dei tuoi ricordi;auto_awesome_outlined;crystal_parallel;Parallelepipedo;Cristallo Parallelepipedo con incisione laser 3D interna. 7 dimensioni dal 40x60x40mm (1 soggetto, € 59,99) al 150x200x100mm (8 soggetti, € 299,99). Le foto bidimensionali diventano oggetti 3D nel cristallo.;auto_awesome;80x130x80;80x130x80 mm (max 5 sogg.);169.99
crystal;Crystal 3D;Cristalli con incisione laser dei tuoi ricordi;auto_awesome_outlined;crystal_cuore;Cuore;Cristallo a forma di Cuore con incisione laser 3D. 3 misure: 70x65x40mm (1 soggetto, € 61), 80x65x35mm (2 soggetti, € 61), 100x90x60mm (3 soggetti, € 91). Ideale come regalo romantico.;favorite;70x65x40;70x65x40 mm (max 1 sogg.);61.00
crystal;Crystal 3D;Cristalli con incisione laser dei tuoi ricordi;auto_awesome_outlined;crystal_cuore;Cuore;Cristallo a forma di Cuore con incisione laser 3D. 3 misure: 70x65x40mm (1 soggetto, € 61), 80x65x35mm (2 soggetti, € 61), 100x90x60mm (3 soggetti, € 91). Ideale come regalo romantico.;favorite;80x65x35;80x65x35 mm (max 2 sogg.);61.00
crystal;Crystal 3D;Cristalli con incisione laser dei tuoi ricordi;auto_awesome_outlined;crystal_cuore;Cuore;Cristallo a forma di Cuore con incisione laser 3D. 3 misure: 70x65x40mm (1 soggetto, € 61), 80x65x35mm (2 soggetti, € 61), 100x90x60mm (3 soggetti, € 91). Ideale come regalo romantico.;favorite;100x90x60;100x90x60 mm (max 3 sogg.);91.00
crystal;Crystal 3D;Cristalli con incisione laser dei tuoi ricordi;auto_awesome_outlined;crystal_cubo;Cubo;Cristallo Cubo con incisione laser 3D. 4 misure: 50x50x50mm (1 soggetto, € 49,99), 60x60x60mm (2 soggetti, € 74), 80x80x80mm (3 soggetti, € 91), 100x100x100mm (3 soggetti, € 149).;auto_awesome;50x50x50;50x50x50 mm (max 1 sogg.);49.99
crystal;Crystal 3D;Cristalli con incisione laser dei tuoi ricordi;auto_awesome_outlined;crystal_cubo;Cubo;Cristallo Cubo con incisione laser 3D. 4 misure: 50x50x50mm (1 soggetto, € 49,99), 60x60x60mm (2 soggetti, € 74), 80x80x80mm (3 soggetti, € 91), 100x100x100mm (3 soggetti, € 149).;auto_awesome;60x60x60;60x60x60 mm (max 2 sogg.);74.00
crystal;Crystal 3D;Cristalli con incisione laser dei tuoi ricordi;auto_awesome_outlined;crystal_cubo;Cubo;Cristallo Cubo con incisione laser 3D. 4 misure: 50x50x50mm (1 soggetto, € 49,99), 60x60x60mm (2 soggetti, € 74), 80x80x80mm (3 soggetti, € 91), 100x100x100mm (3 soggetti, € 149).;auto_awesome;80x80x80;80x80x80 mm (max 3 sogg.);91.00
crystal;Crystal 3D;Cristalli con incisione laser dei tuoi ricordi;auto_awesome_outlined;crystal_cubo;Cubo;Cristallo Cubo con incisione laser 3D. 4 misure: 50x50x50mm (1 soggetto, € 49,99), 60x60x60mm (2 soggetti, € 74), 80x80x80mm (3 soggetti, € 91), 100x100x100mm (3 soggetti, € 149).;auto_awesome;100x100x100;100x100x100 mm (max 3 sogg.);149.00
crystal;Crystal 3D;Cristalli con incisione laser dei tuoi ricordi;auto_awesome_outlined;crystal_basi;Basi LED;Basi LED luminose per esporre il tuo cristallo. 4 modelli: Base 2 LED (€ 15,90), Base 6 LED (€ 17), Base 8 LED (€ 19), Base 12 LED (€ 79). Alimentatore aggiuntivo € 8,00.;wb_sunny;base_2;Base 2 LED 70x60x20;15.90
crystal;Crystal 3D;Cristalli con incisione laser dei tuoi ricordi;auto_awesome_outlined;crystal_basi;Basi LED;Basi LED luminose per esporre il tuo cristallo. 4 modelli: Base 2 LED (€ 15,90), Base 6 LED (€ 17), Base 8 LED (€ 19), Base 12 LED (€ 79). Alimentatore aggiuntivo € 8,00.;wb_sunny;base_6;Base 6 LED 100x60x20;17.00
crystal;Crystal 3D;Cristalli con incisione laser dei tuoi ricordi;auto_awesome_outlined;crystal_basi;Basi LED;Basi LED luminose per esporre il tuo cristallo. 4 modelli: Base 2 LED (€ 15,90), Base 6 LED (€ 17), Base 8 LED (€ 19), Base 12 LED (€ 79). Alimentatore aggiuntivo € 8,00.;wb_sunny;base_8;Base 8 LED 144x110x25;19.00
crystal;Crystal 3D;Cristalli con incisione laser dei tuoi ricordi;auto_awesome_outlined;crystal_basi;Basi LED;Basi LED luminose per esporre il tuo cristallo. 4 modelli: Base 2 LED (€ 15,90), Base 6 LED (€ 17), Base 8 LED (€ 19), Base 12 LED (€ 79). Alimentatore aggiuntivo € 8,00.;wb_sunny;base_12;Base 12 LED 144x110x25;79.00
crystal;Crystal 3D;Cristalli con incisione laser dei tuoi ricordi;auto_awesome_outlined;crystal_basi;Basi LED;Basi LED luminose per esporre il tuo cristallo. 4 modelli: Base 2 LED (€ 15,90), Base 6 LED (€ 17), Base 8 LED (€ 19), Base 12 LED (€ 79). Alimentatore aggiuntivo € 8,00.;wb_sunny;alimentatore;Alimentatore;8.00
